"","team","games","assists","assists_gp","caused_tos","caused_turnover_gp","draw_controls","draw_controls_gp","fouls","fouls_per_game","clears","clr_att","clr_pct","opp_dc","drawc_control_pct","freepos_goals","freepos_shots","free_position_pct","ground_balls","ground_balls_gp","goals","points","points_gp","team_min","goals_allowed","saves","sv_pct","ga_gp","margin","gf_gp","sog","sog_gp","turnovers","turnovers_gp","won","lost","win_pct","yellow_cards","season"
"1","Loyola Maryland","21","197","9.38","173","8.24","313","14.90","446","21.24","336","377",".891","252",".554","40","92",".435","335","15.95","333","530","25.24","1260","191","179",".484","9.10","6.76","15.86","512","24.38","287","13.67","16","5",".762","44",2019
"2","Denver","20","167","8.35","206","10.30","242","12.10","412","20.60","342","402",".851","213",".532","48","124",".387","373","18.65","274","441","22.05","1210","146","120",".451","7.30","6.40","13.70","450","22.50","303","15.15","16","4",".800","50",2019
"3","Stetson","17","139","8.18","139","8.18","234","13.76","480","28.24","238","323",".737","232",".502","18","64",".281","326","19.18","200","339","19.94","1023","247","153",".383","14.53","-2.76","11.76","348","20.47","331","19.47","4","13",".235","34",2019
"4","North Carolina","21","171","8.14","148","7.05","294","14.00","394","18.76","338","374",".904","247",".543","51","117",".436","308","14.67","319","490","23.33","1274","181","210",".537","8.62","6.57","15.19","507","24.14","232","11.05","17","4",".810","38",2019
"5","Navy","21","171","8.14","188","8.95","358","17.05","306","14.57","339","391",".867","218",".622","51","123",".415","378","18.00","323","494","23.52","1260","221","132",".374","10.52","4.86","15.38","528","25.14","303","14.43","16","5",".762","21",2019
"6","Massachusetts","19","154","8.11","170","8.95","363","19.11","443","23.32","293","334",".877","226",".616","43","110",".391","378","19.89","332","486","25.58","1145","235","173",".424","12.37","5.11","17.47","546","28.74","315","16.58","15","4",".789","30",2019
"7","Vanderbilt","16","127","7.94","201","12.56","236","14.75","245","15.31","252","299",".843","197",".545","37","77",".481","354","22.13","229","356","22.25","972","181","110",".378","11.31","3.00","14.31","398","24.88","242","15.13","10","6",".625","17",2019
"8","Boston College","24","190","7.92","192","8.00","430","17.92","442","18.42","334","373",".895","257",".626","72","157",".459","377","15.71","404","594","24.75","1446","245","213",".465","10.21","6.63","16.83","617","25.71","332","13.83","22","2",".917","43",2019
"9","Saint Joseph's","19","147","7.74","218","11.47","246","12.95","562","29.58","361","422",".855","277",".470","30","80",".375","404","21.26","265","412","21.68","1140","226","166",".423","11.89","2.05","13.95","479","25.21","336","17.68","11","8",".579","43",2019
"10","Stony Brook","21","161","7.67","178","8.48","288","13.71","364","17.33","362","395",".916","225",".561","59","110",".536","352","16.76","310","471","22.43","1261","167","144",".463","7.95","6.81","14.76","530","25.24","261","12.43","16","5",".762","41",2019
"11","Boston U.","18","138","7.67","164","9.11","281","15.61","288","16.00","288","317",".909","216",".565","35","91",".385","331","18.39","259","397","22.06","1088","205","138",".402","11.39","3.00","14.39","442","24.56","276","15.33","11","7",".611","26",2019
"12","High Point","20","153","7.65","264","13.20","271","13.55","348","17.40","360","412",".874","257",".513","50","114",".439","424","21.20","321","474","23.70","1197","180","158",".467","9.00","7.05","16.05","510","25.50","306","15.30","15","5",".750","21",2019
"13","Dartmouth","17","129","7.59","146","8.59","312","18.35","346","20.35","338","361",".936","182",".632","67","144",".465","328","19.29","272","401","23.59","1026","189","128",".404","11.12","4.88","16.00","466","27.41","261","15.35","11","6",".647","37",2019
"14","Coastal Caro.","18","135","7.50","164","9.11","222","12.33","360","20.00","266","328",".811","234",".487","45","105",".429","302","16.78","251","386","21.44","1084","174","164",".485","9.67","4.28","13.94","406","22.56","260","14.44","12","6",".667","25",2019
"15","Vermont","15","112","7.47","130","8.67","224","14.93","248","16.53","223","282",".791","178",".557","26","66",".394","264","17.60","203","315","21.00","900","174","119",".406","11.60","1.93","13.53","335","22.33","263","17.53","8","7",".533","36",2019
"16","Albany (NY)","18","134","7.44","145","8.06","216","12.00","334","18.56","292","338",".864","274",".441","33","84",".393","316","17.56","249","383","21.28","1080","217","156",".418","12.06","1.78","13.83","417","23.17","227","12.61","11","7",".611","26",2019
"17","Jacksonville","21","156","7.43","247","11.76","342","16.29","475","22.62","284","338",".840","255",".573","99","196",".505","392","18.67","378","534","25.43","1260","186","142",".433","8.86","9.14","18.00","601","28.62","295","14.05","17","4",".810","45",2019
"18","Florida","21","151","7.19","193","9.19","318","15.14","503","23.95","346","375",".923","269",".542","89","204",".436","454","21.62","324","475","22.62","1258","228","187",".451","10.86","4.57","15.43","516","24.57","270","12.86","14","7",".667","53",2019
"19","Furman","19","133","7.00","182","9.58","240","12.63","322","16.95","293","362",".809","233",".507","35","94",".372","358","18.84","246","379","19.95","1142","198","166",".456","10.42","2.53","12.95","405","21.32","322","16.95","11","8",".579","27",2019
"20","Villanova","18","125","6.94","164","9.11","243","13.50","371","20.61","282","354",".797","199",".550","27","91",".297","345","19.17","207","332","18.44","1089","206","156",".431","11.44",".06","11.50","345","19.17","356","19.78","10","8",".556","39",2019
"21","Notre Dame","19","131","6.89","214","11.26","295","15.53","337","17.74","246","289",".851","169",".636","63","138",".457","384","20.21","285","416","21.89","1140","153","162",".514","8.05","6.95","15.00","492","25.89","254","13.37","14","5",".737","31",2019
"22","Richmond","21","141","6.71","227","10.81","252","12.00","521","24.81","369","409",".902","318",".442","47","129",".364","418","19.90","314","455","21.67","1269","213","177",".454","10.14","4.81","14.95","549","26.14","301","14.33","17","4",".810","39",2019
"23","Princeton","20","133","6.65","197","9.85","271","13.55","385","19.25","344","380",".905","259",".511","62","137",".453","323","16.15","290","423","21.15","1185","206","193",".484","10.30","4.20","14.50","454","22.70","283","14.15","16","4",".800","24",2019
"24","Stanford","19","125","6.58","165","8.68","291","15.32","298","15.68","316","359",".880","199",".594","45","126",".357","404","21.26","264","389","20.47","1151","195","162",".454","10.26","3.63","13.89","474","24.95","302","15.89","13","6",".684","42",2019
"25","Syracuse","21","137","6.52","198","9.43","290","13.81","573","27.29","374","428",".874","261",".526","48","125",".384","394","18.76","295","432","20.57","1266","221","158",".417","10.52","3.52","14.05","468","22.29","300","14.29","16","5",".762","43",2019
"26","Johns Hopkins","18","117","6.50","174","9.67","243","13.50","519","28.83","298","338",".882","236",".507","35","101",".347","321","17.83","238","355","19.72","1082","208","154",".425","11.56","1.67","13.22","413","22.94","281","15.61","10","8",".556","41",2019
"27","Davidson","17","109","6.41","132","7.76","260","15.29","343","20.18","261","299",".873","172",".602","50","117",".427","288","16.94","216","325","19.12","1021","188","143",".432","11.06","1.65","12.71","387","22.76","271","15.94","8","9",".471","21",2019
"28","Lehigh","17","104","6.12","154","9.06","177","10.41","315","18.53","242","298",".812","238",".427","33","75",".440","256","15.06","184","288","16.94","1020","199","179",".474","11.71","-.88","10.82","335","19.71","241","14.18","8","9",".471","27",2019
"29","Robert Morris","17","104","6.12","201","11.82","195","11.47","399","23.47","289","348",".830","205",".488","41","101",".406","394","23.18","213","317","18.65","994","164","155",".486","9.65","2.88","12.53","398","23.41","334","19.65","12","5",".706","42",2019
"30","Maryland","23","138","6.00","162","7.04","343","14.91","372","16.17","407","435",".936","259",".570","91","173",".526","345","15.00","373","511","22.22","1391","186","236",".559","8.09","8.13","16.22","610","26.52","268","11.65","22","1",".957","24",2019
"31","Northwestern","21","126","6.00","168","8.00","362","17.24","466","22.19","346","383",".903","320",".531","78","164",".476","376","17.90","366","492","23.43","1262","284","207",".422","13.52","3.90","17.43","567","27.00","281","13.38","16","5",".762","48",2019
"32","Georgetown","21","125","5.95","186","8.86","266","12.67","403","19.19","362","398",".910","256",".510","52","132",".394","362","17.24","261","386","18.38","1276","219","148",".403","10.43","2.00","12.43","479","22.81","301","14.33","12","9",".571","32",2019
"33","Duquesne","17","101","5.94","243","14.29","280","16.47","440","25.88","289","354",".816","256",".522","54","147",".367","394","23.18","270","371","21.82","1022","237","121",".338","13.94","1.94","15.88","493","29.00","297","17.47","9","8",".529","39",2019
"34","Yale","15","89","5.93","98","6.53","243","16.20","236","15.73","192","230",".835","174",".583","30","77",".390","208","13.87","188","277","18.47","899","201","102",".337","13.40","-.87","12.53","316","21.07","214","14.27","6","9",".400","15",2019
"35","VCU","18","106","5.89","187","10.39","224","12.44","534","29.67","313","382",".819","311",".419","51","129",".395","347","19.28","233","339","18.83","1081","267","212",".443","14.83","-1.89","12.94","426","23.67","344","19.11","7","11",".389","47",2019
"36","Longwood","17","100","5.88","153","9.00","206","12.12","295","17.35","246","314",".783","235",".467","34","65",".523","297","17.47","194","294","17.29","1019","218","163",".428","12.82","-1.41","11.41","318","18.71","307","18.06","8","9",".471","13",2019
"37","Marquette","18","105","5.83","147","8.17","262","14.56","379","21.06","274","349",".785","257",".505","41","95",".432","314","17.44","242","347","19.28","1079","251","148",".371","13.94","-.50","13.44","420","23.33","311","17.28","9","9",".500","28",2019
"38","Bryant","17","99","5.82","138","8.12","261","15.35","393","23.12","275","329",".836","222",".540","43","109",".394","275","16.18","213","312","18.35","1020","247","183",".426","14.53","-2.00","12.53","382","22.47","295","17.35","8","9",".471","35",2019
"39","Cincinnati","19","109","5.74","232","12.21","266","14.00","381","20.05","273","345",".791","273",".494","48","102",".471","548","28.84","263","372","19.58","1144","241","160",".399","12.68","1.16","13.84","452","23.79","305","16.05","12","7",".632","33",2019
"40","Penn","18","103","5.72","152","8.44","231","12.83","318","17.67","300","346",".867","211",".523","38","97",".392","322","17.89","224","327","18.17","1091","182","162",".471","10.11","2.33","12.44","368","20.44","265","14.72","12","6",".667","33",2019
"41","Delaware","17","96","5.65","163","9.59","192","11.29","319","18.76","305","360",".847","202",".487","25","95",".263","295","17.35","178","274","16.12","1027","183","134",".423","10.76","-.29","10.47","355","20.88","283","16.65","7","10",".412","27",2019
"42","Fairfield","19","107","5.63","195","10.26","209","11.00","434","22.84","334","410",".815","273",".434","60","135",".444","357","18.79","227","334","17.58","1145","223","178",".444","11.74",".21","11.95","409","21.53","291","15.32","15","4",".789","33",2019
"43","James Madison","20","111","5.55","187","9.35","280","14.00","436","21.80","360","410",".878","192",".593","45","113",".398","352","17.60","261","372","18.60","1210","172","190",".525","8.60","4.45","13.05","437","21.85","313","15.65","16","4",".800","38",2019
"44","Liberty","19","105","5.53","300","15.79","260","13.68","487","25.63","276","364",".758","212",".551","52","130",".400","409","21.53","268","373","19.63","1140","173","144",".454","9.11","5.00","14.11","463","24.37","362","19.05","14","5",".737","61",2019
"45","Arizona St.","18","99","5.50","138","7.67","192","10.67","357","19.83","267","325",".822","239",".445","25","69",".362","366","20.33","178","277","15.39","1085","221","199",".474","12.28","-2.39","9.89","333","18.50","298","16.56","6","12",".333","34",2019
"46","Fresno St.","14","77","5.50","92","6.57","174","12.43","322","23.00","235","292",".805","245",".415","45","117",".385","241","17.21","189","266","19.00","839","205","192",".484","14.64","-1.14","13.50","328","23.43","215","15.36","7","7",".500","22",2019
"47","Virginia Tech","18","98","5.44","151","8.39","249","13.83","400","22.22","276","310",".890","241",".508","47","110",".427","329","18.28","240","338","18.78","1077","220","143",".394","12.22","1.11","13.33","423","23.50","261","14.50","8","10",".444","34",2019
"48","Central Mich.","18","98","5.44","122","6.78","241","13.39","184","10.22","236","304",".776","225",".517","36","83",".434","330","18.33","232","330","18.33","1084","205","202",".496","11.39","1.50","12.89","396","22.00","282","15.67","7","11",".389","24",2019
"49","New Hampshire","17","92","5.41","145","8.53","201","11.82","184","10.82","287","318",".903","238",".458","34","83",".410","321","18.88","216","308","18.12","1020","194","145",".428","11.41","1.29","12.71","396","23.29","247","14.53","10","7",".588","26",2019
"50","Siena","19","102","5.37","133","7.00","214","11.26","397","20.89","289","347",".833","241",".470","41","102",".402","318","16.74","241","343","18.05","1146","191","189",".497","10.05","2.63","12.68","412","21.68","273","14.37","12","7",".632","30",2019
"51","Kennesaw St.","18","95","5.28","145","8.06","284","15.78","310","17.22","227","299",".759","263",".519","67","130",".515","266","14.78","247","342","19.00","1079","270","167",".382","15.00","-1.28","13.72","392","21.78","327","18.17","8","10",".444","31",2019
"52","Duke","19","100","5.26","154","8.11","356","18.74","378","19.89","226","297",".761","186",".657","57","121",".471","305","16.05","288","388","20.42","1145","217","145",".401","11.42","3.74","15.16","449","23.63","306","16.11","11","8",".579","33",2019
"53","Gardner-Webb","16","84","5.25","145","9.06","253","15.81","263","16.44","190","253",".751","199",".560","35","95",".368","340","21.25","200","284","17.75","961","235","139",".372","14.69","-2.19","12.50","347","21.69","306","19.13","6","10",".375","19",2019
"54","Monmouth","18","94","5.22","179","9.94","244","13.56","416","23.11","325","373",".871","217",".529","58","127",".457","360","20.00","249","343","19.06","1080","187","148",".442","10.39","3.44","13.83","435","24.17","287","15.94","12","6",".667","33",2019
"55","George Washington","17","88","5.18","172","10.12","188","11.06","309","18.18","308","337",".914","242",".437","37","93",".398","339","19.94","177","265","15.59","1020","218","176",".447","12.82","-2.41","10.41","351","20.65","268","15.76","5","12",".294","36",2019
"56","Virginia","20","103","5.15","176","8.80","256","12.80","376","18.80","327","375",".872","265",".491","57","134",".425","334","16.70","262","365","18.25","1200","221","182",".452","11.05","2.05","13.10","439","21.95","300","15.00","13","7",".650","42",2019
"57","American","17","87","5.12","135","7.94","210","12.35","290","17.06","258","304",".849","215",".494","39","104",".375","301","17.71","187","274","16.12","1029","210","143",".405","12.35","-1.35","11.00","362","21.29","277","16.29","7","10",".412","44",2019
"58","Hofstra","19","97","5.11","127","6.68","273","14.37","415","21.84","351","399",".880","187",".593","55","136",".404","301","15.84","237","334","17.58","1149","190","192",".503","10.00","2.47","12.47","430","22.63","285","15.00","12","7",".632","41",2019
"59","La Salle","16","81","5.06","143","8.94","181","11.31","330","20.63","244","286",".853","208",".465","21","70",".300","272","17.00","164","245","15.31","960","199","181",".476","12.44","-2.19","10.25","290","18.13","287","17.94","5","11",".313","40",2019
"60","Penn St.","17","86","5.06","137","8.06","211","12.41","259","15.24","268","316",".848","235",".473","55","151",".364","249","14.65","210","296","17.41","1019","206","183",".470","12.12",".24","12.35","411","24.18","234","13.76","8","9",".471","22",2019
"61","Southern California","20","101","5.05","212","10.60","271","13.55","391","19.55","350","405",".864","200",".575","52","131",".397","416","20.80","272","373","18.65","1210","163","164",".502","8.15","5.45","13.60","491","24.55","295","14.75","16","4",".800","27",2019
"62","Wagner","20","100","5.00","224","11.20","266","13.30","329","16.45","354","405",".874","214",".554","65","172",".378","449","22.45","269","369","18.45","1200","178","169",".487","8.90","4.55","13.45","495","24.75","290","14.50","16","4",".800","22",2019
"63","Army West Point","19","95","5.00","119","6.26","291","15.32","370","19.47","255","304",".839","216",".574","49","108",".454","284","14.95","256","351","18.47","1140","224","169",".430","11.79","1.68","13.47","422","22.21","279","14.68","14","5",".737","35",2019
"64","Ohio St.","17","85","5.00","162","9.53","191","11.24","384","22.59","275","333",".826","231",".453","41","96",".427","344","20.24","194","279","16.41","1021","209","190",".476","12.29","-.88","11.41","362","21.29","263","15.47","9","8",".529","38",2019
"65","Mercer","20","100","5.00","225","11.25","279","13.95","454","22.70","315","391",".806","270",".508","59","140",".421","426","21.30","265","365","18.25","1204","251","184",".423","12.55",".70","13.25","458","22.90","326","16.30","10","10",".500","31",2019
"66","UMass Lowell","17","85","5.00","114","6.71","201","11.82","286","16.82","255","305",".836","219",".479","29","75",".387","283","16.65","174","259","15.24","1020","216","151",".411","12.71","-2.47","10.24","320","18.82","294","17.29","5","12",".294","41",2019
"67","Colgate","18","87","4.83","147","8.17","199","11.06","347","19.28","313","373",".839","246",".447","27","72",".375","307","17.06","190","277","15.39","1080","224","183",".450","12.44","-1.89","10.56","359","19.94","304","16.89","8","10",".444","23",2019
"68","Campbell","17","82","4.82","142","8.35","247","14.53","324","19.06","252","308",".818","184",".573","34","94",".362","307","18.06","178","260","15.29","1036","223","164",".424","13.12","-2.65","10.47","368","21.65","317","18.65","6","11",".353","26",2019
"69","Canisius","18","86","4.78","134","7.44","240","13.33","298","16.56","238","318",".748","258",".482","31","94",".330","266","14.78","181","267","14.83","1096","285","182",".390","15.83","-5.78","10.06","328","18.22","313","17.39","3","15",".167","27",2019
"70","George Mason","18","86","4.78","139","7.72","249","13.83","333","18.50","273","334",".817","210",".542","52","105",".495","316","17.56","216","302","16.78","1081","213","190",".471","11.83",".17","12.00","352","19.56","323","17.94","11","7",".611","31",2019
"71","Cornell","16","76","4.75","130","8.13","204","12.75","317","19.81","273","331",".825","199",".506","40","94",".426","254","15.88","199","275","17.19","959","175","138",".441","10.94","1.50","12.44","356","22.25","226","14.13","8","8",".500","24",2019
"72","Detroit Mercy","18","85","4.72","186","10.33","240","13.33","415","23.06","240","333",".721","251",".489","51","120",".425","382","21.22","219","304","16.89","1084","239","154",".392","13.28","-1.11","12.17","392","21.78","317","17.61","8","10",".444","42",2019
"73","Radford","14","66","4.71","162","11.57","198","14.14","418","29.86","232","280",".829","210",".485","35","87",".402","332","23.71","174","240","17.14","840","208","118",".362","14.86","-2.43","12.43","306","21.86","273","19.50","3","11",".214","37",2019
"74","UC Davis","17","80","4.71","124","7.29","266","15.65","266","15.65","259","313",".827","191",".582","34","104",".327","263","15.47","204","284","16.71","1020","223","165",".425","13.12","-1.12","12.00","375","22.06","276","16.24","9","8",".529","13",2019
"75","Manhattan","17","80","4.71","126","7.41","145","8.53","305","17.94","281","336",".836","204",".415","29","88",".330","363","21.35","158","238","14.00","1028","156","143",".478","9.18",".12","9.29","313","18.41","266","15.65","11","6",".647","11",2019
"76","Rutgers","16","75","4.69","108","6.75","173","10.81","299","18.69","244","286",".853","240",".419","23","70",".329","242","15.13","167","242","15.13","964","221","149",".403","13.81","-3.38","10.44","316","19.75","204","12.75","5","11",".313","28",2019
"77","Mount St. Mary's","19","89","4.68","134","7.05","251","13.21","327","17.21","320","386",".829","185",".576","57","116",".491","314","16.53","268","357","18.79","1140","134","173",".564","7.05","7.05","14.11","436","22.95","279","14.68","16","3",".842","24",2019
"78","Brown","15","69","4.60","170","11.33","191","12.73","366","24.40","264","301",".877","199",".490","41","96",".427","281","18.73","191","260","17.33","901","172","125",".421","11.47","1.27","12.73","311","20.73","275","18.33","8","7",".533","30",2019
"79","Winthrop","19","87","4.58","179","9.42","199","10.47","278","14.63","299","353",".847","267",".427","41","87",".471","292","15.37","194","281","14.79","1143","240","208",".464","12.63","-2.42","10.21","313","16.47","316","16.63","8","11",".421","20",2019
"80","Columbia","15","67","4.47","130","8.67","164","10.93","374","24.93","239","279",".857","209",".440","38","105",".362","265","17.67","137","204","13.60","904","212","138",".394","14.13","-5.00","9.13","269","17.93","262","17.47","4","11",".267","48",2019
"81","UConn","17","74","4.35","122","7.18","218","12.82","282","16.59","275","354",".777","243",".473","41","101",".406","328","19.29","181","255","15.00","1020","251","178",".415","14.76","-4.12","10.65","327","19.24","335","19.71","3","14",".176","27",2019
"82","Wofford","17","73","4.29","126","7.41","197","11.59","293","17.24","172","242",".711","256",".435","30","75",".400","231","13.59","162","235","13.82","1016","265","155",".369","15.59","-6.06","9.53","284","16.71","280","16.47","4","13",".235","10",2019
"83","Bucknell","17","73","4.29","188","11.06","170","10.00","332","19.53","304","374",".813","251",".404","35","89",".393","321","18.88","154","227","13.35","1032","240","176",".423","14.12","-5.06","9.06","310","18.24","310","18.24","4","13",".235","20",2019
"84","Harvard","15","64","4.27","118","7.87","166","11.07","311","20.73","255","298",".856","205",".447","30","95",".316","287","19.13","164","228","15.20","908","181","120",".399","12.07","-1.13","10.93","303","20.20","211","14.07","6","9",".400","29",2019
"85","Quinnipiac","16","68","4.25","124","7.75","198","12.38","358","22.38","249","315",".790","221",".473","55","113",".487","258","16.13","172","240","15.00","971","214","159",".426","13.38","-2.63","10.75","322","20.13","275","17.19","5","11",".313","36",2019
"86","Drexel","16","66","4.13","103","6.44","199","12.44","235","14.69","220","254",".866","209",".488","49","117",".419","223","13.94","184","250","15.63","960","196","158",".446","12.25","-.75","11.50","316","19.75","218","13.63","6","10",".375","27",2019
"87","East Carolina","17","69","4.06","96","5.65","185","10.88","223","13.12","212","276",".768","249",".426","41","98",".418","246","14.47","163","232","13.65","1035","245","175",".417","14.41","-4.82","9.59","275","16.18","266","15.65","5","12",".294","21",2019
"88","Louisville","18","73","4.06","176","9.78","209","11.61","426","23.67","278","348",".799","257",".448","43","102",".422","317","17.61","201","274","15.22","1093","236","142",".376","13.11","-1.94","11.17","381","21.17","307","17.06","5","13",".278","38",2019
"89","Iona","17","68","4.00","159","9.35","165","9.71","422","24.82","263","341",".771","253",".395","34","95",".358","311","18.29","141","209","12.29","1020","251","166",".398","14.76","-6.47","8.29","318","18.71","298","17.53","1","16",".059","41",2019
"90","Michigan","20","79","3.95","204","10.20","251","12.55","412","20.60","341","403",".846","229",".523","41","114",".360","385","19.25","257","336","16.80","1206","182","181",".499","9.10","3.75","12.85","453","22.65","304","15.20","16","4",".800","48",2019
"91","Temple","17","67","3.94","167","9.82","193","11.35","238","14.00","288","353",".816","210",".479","34","90",".378","338","19.88","174","241","14.18","1020","197","146",".426","11.59","-1.35","10.24","349","20.53","286","16.82","6","11",".353","15",2019
"92","LIU Brooklyn","17","67","3.94","115","6.76","212","12.47","281","16.53","273","332",".822","235",".474","40","93",".430","282","16.59","187","254","14.94","1020","234","204",".466","13.76","-2.76","11.00","326","19.18","308","18.12","6","11",".353","25",2019
"93","Marist","18","70","3.89","138","7.67","307","17.06","426","23.67","238","304",".783","199",".607","62","128",".484","304","16.89","218","288","16.00","1080","256","169",".398","14.22","-2.11","12.11","379","21.06","301","16.72","8","10",".444","38",2019
"94","UMBC","18","70","3.89","129","7.17","197","10.94","319","17.72","310","365",".849","207",".488","27","77",".351","303","16.83","155","225","12.50","1095","212","186",".467","11.78","-3.17","8.61","308","17.11","319","17.72","6","12",".333","26",2019
"95","San Diego St.","18","69","3.83","164","9.11","260","14.44","376","20.89","306","358",".855","259",".501","71","177",".401","382","21.22","250","319","17.72","1086","233","199",".461","12.94",".94","13.89","466","25.89","284","15.78","11","7",".611","32",2019
"96","Kent St.","17","65","3.82","157","9.24","194","11.41","291","17.12","204","309",".660","254",".433","19","61",".311","305","17.94","142","207","12.18","960","282","173",".380","16.59","-8.24","8.35","248","14.59","363","21.35","2","15",".118","35",2019
"97","Saint Francis (PA)","15","56","3.73","146","9.73","203","13.53","341","22.73","218","292",".747","191",".515","38","115",".330","322","21.47","150","206","13.73","904","219","170",".437","14.60","-4.60","10.00","303","20.20","325","21.67","5","10",".333","32",2019
"98","Towson","17","63","3.71","195","11.47","190","11.18","393","23.12","328","384",".854","224",".459","58","136",".426","295","17.35","190","253","14.88","1020","193","153",".442","11.35","-.18","11.18","339","19.94","276","16.24","7","10",".412","32",2019
"99","California","19","67","3.53","119","6.26","259","13.63","372","19.58","256","301",".850","207",".556","36","98",".367","288","15.16","191","258","13.58","1141","245","160",".395","12.89","-2.84","10.05","366","19.26","294","15.47","7","12",".368","32",2019
"100","Niagara","17","59","3.47","138","8.12","245","14.41","289","17.00","258","328",".787","206",".543","54","134",".403","327","19.24","203","262","15.41","1028","221","176",".443","13.00","-1.06","11.94","388","22.82","289","17.00","5","12",".294","14",2019
"101","Holy Cross","16","53","3.31","153","9.56","214","13.38","299","18.69","261","320",".816","208",".507","50","122",".410","318","19.88","172","225","14.06","960","225","167",".426","14.06","-3.31","10.75","333","20.81","283","17.69","4","12",".250","37",2019
"102","Old Dominion","17","54","3.18","184","10.82","164","9.65","393","23.12","247","324",".762","247",".399","49","102",".480","252","14.82","140","194","11.41","1020","257","167",".394","15.12","-6.88","8.24","279","16.41","337","19.82","4","13",".235","44",2019
"103","Presbyterian","17","54","3.18","99","5.82","116","6.82","196","11.53","206","293",".703","332",".259","10","36",".278","214","12.59","96","150","8.82","1019","329","171",".342","19.35","-13.71","5.65","161","9.47","310","18.24","1","16",".059","8",2019
"104","Colorado","19","60","3.16","184","9.68","194","10.21","363","19.11","315","363",".868","257",".430","56","155",".361","392","20.63","223","283","14.89","1143","195","173",".470","10.26","1.47","11.74","432","22.74","260","13.68","11","8",".579","32",2019
"105","William & Mary","15","46","3.07","146","9.73","189","12.60","345","23.00","248","293",".846","193",".495","34","97",".351","278","18.53","163","209","13.93","907","191","138",".419","12.73","-1.87","10.87","292","19.47","272","18.13","6","9",".400","27",2019
"106","Sacred Heart","16","49","3.06","143","8.94","146","9.13","335","20.94","261","342",".763","218",".401","31","77",".403","264","16.50","115","164","10.25","966","227","149",".396","14.19","-7.00","7.19","237","14.81","287","17.94","2","14",".125","31",2019
"107","Binghamton","17","52","3.06","118","6.94","167","9.82","230","13.53","241","319",".755","230",".421","34","74",".459","288","16.94","139","191","11.24","1021","231","178",".435","13.59","-5.41","8.18","300","17.65","292","17.18","2","15",".118","21",2019
"108","Butler","17","51","3.00","165","9.71","154","9.06","277","16.29","233","331",".704","248",".383","23","81",".284","276","16.24","117","168","9.88","1019","264","168",".389","15.53","-8.65","6.88","246","14.47","361","21.24","3","14",".176","29",2019
"109","Lafayette","17","49","2.88","135","7.94","238","14.00","301","17.71","283","325",".871","215",".525","63","135",".467","301","17.71","203","252","14.82","1021","227","181",".444","13.35","-1.41","11.94","360","21.18","281","16.53","5","12",".294","17",2019
"110","Central Conn. St.","16","45","2.81","127","7.94","133","8.31","302","18.88","240","329",".729","230",".366","14","55",".255","341","21.31","107","152","9.50","960","232","175",".430","14.50","-7.81","6.69","237","14.81","297","18.56","2","14",".125","28",2019
"111","Oregon","18","50","2.78","95","5.28","170","9.44","383","21.28","303","394",".769","278",".379","36","106",".340","282","15.67","159","209","11.61","1084","255","248",".493","14.17","-5.33","8.83","296","16.44","331","18.39","3","15",".167","29",2019
"112","St. Bonaventure","17","45","2.65","122","7.18","156","9.18","304","17.88","242","314",".771","265",".371","12","52",".231","291","17.12","109","154","9.06","1020","291","164",".360","17.12","-10.71","6.41","237","13.94","317","18.65","1","16",".059","27",2019
"113","Elon","18","47","2.61","123","6.83","181","10.06","332","18.44","264","322",".820","244",".426","41","112",".366","266","14.78","162","209","11.61","1080","225","188",".455","12.50","-3.50","9.00","295","16.39","277","15.39","6","12",".333","42",2019
"114","Hartford","17","43","2.53","80","4.71","159","9.35","248","14.59","172","327",".526","266",".374","9","36",".250","239","14.06","106","149","8.76","1019","298","209",".412","17.53","-11.29","6.24","210","12.35","331","19.47","1","16",".059","26",2019
"115","Delaware St.","12","11",".92","46","3.83","113","9.42","71","5.92","58","103",".563","158",".417","14","42",".333","97","8.08","48","59","4.92","720","224","91",".289","18.67","-14.67","4.00","104","8.67","181","15.08","1","11",".083","12",2019
"116","Howard","14","8",".57","52","3.71","86","6.14","172","12.29","83","167",".497","261",".248","9","27",".333","110","7.86","33","41","2.93","839","299","105",".260","21.36","-19.00","2.36","69","4.93","227","16.21","0","14",".000","21",2019
"117","Stony Brook","21","236","11.24","158","7.52","314","14.95","306","14.57",NA,NA,NA,NA,NA,"61","123",".496","383","18.24","376","612","29.14","1249","149","142",".488","7.10","10.81","17.90","528","25.14","252","12.00","20","1",".952","30",2018
"118","Jacksonville","20","190","9.50","250","12.50","327","16.35","499","24.95",NA,NA,NA,NA,NA,"78","154",".506","411","20.55","369","559","27.95","1204","205","116",".361","10.25","8.20","18.45","583","29.15","260","13.00","16","4",".800","38",2018
"119","Loyola Maryland","21","185","8.81","197","9.38","322","15.33","474","22.57",NA,NA,NA,NA,NA,"57","128",".445","378","18.00","343","528","25.14","1280","205","213",".510","9.76","6.57","16.33","556","26.48","315","15.00","16","5",".762","31",2018
"120","Massachusetts","19","166","8.74","220","11.58","285","15.00","472","24.84",NA,NA,NA,NA,NA,"50","126",".397","409","21.53","309","475","25.00","1157","211","151",".417","11.11","5.16","16.26","565","29.74","315","16.58","14","5",".737","33",2018
"121","North Carolina","21","179","8.52","158","7.52","337","16.05","478","22.76",NA,NA,NA,NA,NA,"56","134",".418","350","16.67","332","511","24.33","1267","223","205",".479","10.62","5.19","15.81","523","24.90","276","13.14","17","4",".810","31",2018
"122","Penn","19","157","8.26","159","8.37","256","13.47","335","17.63",NA,NA,NA,NA,NA,"38","95",".400","305","16.05","261","418","22.00","1150","211","175",".453","11.11","2.63","13.74","437","23.00","253","13.32","14","5",".737","16",2018
"123","Navy","22","159","7.23","174","7.91","371","16.86","407","18.50",NA,NA,NA,NA,NA,"78","166",".470","384","17.45","378","537","24.41","1325","231","167",".420","10.50","6.68","17.18","591","26.86","285","12.95","18","4",".818","41",2018
"124","High Point","20","144","7.20","244","12.20","275","13.75","379","18.95",NA,NA,NA,NA,NA,"78","141",".553","378","18.90","321","465","23.25","1201","171","135",".441","8.55","7.50","16.05","519","25.95","299","14.95","17","3",".850","26",2018
"125","Harvard","15","107","7.13","109","7.27","223","14.87","346","23.07",NA,NA,NA,NA,NA,"37","81",".457","247","16.47","226","333","22.20","901","249","153",".381","16.60","-1.53","15.07","360","24.00","202","13.47","6","9",".400","25",2018
"126","Longwood","18","128","7.11","173","9.61","194","10.78","352","19.56",NA,NA,NA,NA,NA,"23","54",".426","381","21.17","192","320","17.78","1080","265","186",".412","14.72","-4.06","10.67","312","17.33","296","16.44","7","11",".389","13",2018
"127","Northwestern","21","146","6.95","187","8.90","349","16.62","458","21.81",NA,NA,NA,NA,NA,"67","153",".438","432","20.57","334","480","22.86","1264","242","188",".437","11.52","4.38","15.90","553","26.33","326","15.52","15","6",".714","44",2018
"128","Villanova","16","111","6.94","118","7.38","242","15.13","348","21.75",NA,NA,NA,NA,NA,"40","95",".421","272","17.00","207","318","19.88","959","200","147",".424","12.50",".44","12.94","358","22.38","274","17.13","9","7",".563","33",2018
"129","James Madison","23","156","6.78","250","10.87","330","14.35","545","23.70",NA,NA,NA,NA,NA,"73","164",".445","436","18.96","362","518","22.52","1389","213","161",".430","9.26","6.48","15.74","561","24.39","326","14.17","22","1",".957","45",2018
"130","Saint Joseph's","19","127","6.68","213","11.21","233","12.26","576","30.32",NA,NA,NA,NA,NA,"41","113",".363","365","19.21","262","389","20.47","1145","223","199",".472","11.74","2.05","13.79","473","24.89","321","16.89","12","7",".632","52",2018
"131","Marquette","18","120","6.67","152","8.44","279","15.50","470","26.11",NA,NA,NA,NA,NA,"34","94",".362","370","20.56","244","364","20.22","1081","231","179",".437","12.83",".72","13.56","404","22.44","320","17.78","10","8",".556","24",2018
"132","Winthrop","20","131","6.55","183","9.15","291","14.55","401","20.05",NA,NA,NA,NA,NA,"85","179",".475","344","17.20","303","434","21.70","1199","219","197",".474","10.95","4.20","15.15","451","22.55","309","15.45","14","6",".700","37",2018
"133","Coastal Caro.","19","123","6.47","145","7.63","278","14.63","346","18.21",NA,NA,NA,NA,NA,"55","113",".487","316","16.63","267","390","20.53","1140","204","180",".469","10.74","3.32","14.05","415","21.84","324","17.05","10","9",".526","26",2018
"134","George Mason","18","116","6.44","134","7.44","268","14.89","383","21.28",NA,NA,NA,NA,NA,"51","128",".398","310","17.22","245","361","20.06","1082","188","176",".484","10.44","3.17","13.61","420","23.33","291","16.17","11","7",".611","28",2018
"135","Boston College","24","153","6.38","197","8.21","393","16.38","424","17.67",NA,NA,NA,NA,NA,"70","169",".414","464","19.33","377","530","22.08","1448","232","171",".424","9.67","6.04","15.71","607","25.29","355","14.79","22","2",".917","34",2018
"136","Mercer","20","127","6.35","177","8.85","292","14.60","470","23.50",NA,NA,NA,NA,NA,"49","113",".434","407","20.35","271","398","19.90","1207","257","166",".392","12.85",".70","13.55","462","23.10","308","15.40","9","11",".450","26",2018
"137","Campbell","19","120","6.32","156","8.21","283","14.89","427","22.47",NA,NA,NA,NA,NA,"29","94",".309","335","17.63","245","365","19.21","1139","242","154",".389","12.74",".16","12.89","452","23.79","329","17.32","9","10",".474","20",2018
"138","Detroit Mercy","18","113","6.28","177","9.83","235","13.06","304","16.89",NA,NA,NA,NA,NA,"54","118",".458","352","19.56","255","368","20.44","1084","224","177",".441","12.44","1.72","14.17","438","24.33","305","16.94","10","8",".556","30",2018
"139","Liberty","18","112","6.22","257","14.28","239","13.28","528","29.33",NA,NA,NA,NA,NA,"52","137",".380","428","23.78","242","354","19.67","1080","176","158",".473","9.78","3.67","13.44","467","25.94","342","19.00","13","5",".722","40",2018
"140","Stetson","17","105","6.18","119","7.00","239","14.06","408","24.00",NA,NA,NA,NA,NA,"47","125",".376","330","19.41","218","323","19.00","1021","231","171",".425","13.59","-.76","12.82","368","21.65","304","17.88","4","13",".235","28",2018
"141","Duke","17","105","6.18","143","8.41","298","17.53","331","19.47",NA,NA,NA,NA,NA,"49","113",".434","268","15.76","234","339","19.94","1020","211","155",".423","12.41","1.35","13.76","385","22.65","262","15.41","8","9",".471","17",2018
"142","Stanford","20","122","6.10","177","8.85","300","15.00","360","18.00",NA,NA,NA,NA,NA,"69","157",".439","431","21.55","303","425","21.25","1211","188","177",".485","9.40","5.75","15.15","515","25.75","306","15.30","15","5",".750","22",2018
"143","Florida","21","128","6.10","188","8.95","314","14.95","514","24.48",NA,NA,NA,NA,NA,"101","208",".486","469","22.33","343","471","22.43","1263","203","199",".495","9.67","6.67","16.33","550","26.19","294","14.00","17","4",".810","54",2018
"144","Syracuse","19","115","6.05","138","7.26","250","13.16","486","25.58",NA,NA,NA,NA,NA,"54","117",".462","320","16.84","275","390","20.53","1161","262","201",".434","13.79",".68","14.47","442","23.26","278","14.63","9","10",".474","34",2018
"145","Oregon","18","108","6.00","92","5.11","259","14.39","304","16.89",NA,NA,NA,NA,NA,"36","110",".327","236","13.11","228","336","18.67","1083","213","189",".470","11.83",".83","12.67","391","21.72","257","14.28","9","9",".500","25",2018
"146","UConn","17","101","5.94","189","11.12","265","15.59","295","17.35",NA,NA,NA,NA,NA,"60","142",".423","361","21.24","230","331","19.47","1022","224","129",".365","13.18",".35","13.53","403","23.71","344","20.24","8","9",".471","38",2018
"147","Vanderbilt","17","101","5.94","187","11.00","233","13.71","339","19.94",NA,NA,NA,NA,NA,"54","131",".412","401","23.59","239","340","20.00","1027","200","124",".383","11.76","2.29","14.06","417","24.53","260","15.29","8","9",".471","17",2018
"148","Dartmouth","16","95","5.94","124","7.75","264","16.50","379","23.69",NA,NA,NA,NA,NA,"58","131",".443","282","17.63","243","338","21.13","960","174","120",".408","10.88","4.31","15.19","402","25.13","228","14.25","11","5",".688","32",2018
"149","Boston U.","18","106","5.89","162","9.00","248","13.78","407","22.61",NA,NA,NA,NA,NA,"30","79",".380","364","20.22","213","319","17.72","1086","234","192",".451","13.00","-1.17","11.83","437","24.28","314","17.44","10","8",".556","47",2018
"150","Fairfield","20","117","5.85","168","8.40","245","12.25","397","19.85",NA,NA,NA,NA,NA,"54","146",".370","358","17.90","252","369","18.45","1214","203","212",".511","10.15","2.45","12.60","464","23.20","311","15.55","13","7",".650","34",2018
"151","George Washington","17","99","5.82","153","9.00","211","12.41","255","15.00",NA,NA,NA,NA,NA,"50","101",".495","287","16.88","201","300","17.65","1018","205","228",".527","12.06","-.24","11.82","380","22.35","285","16.76","9","8",".529","23",2018
"152","Brown","15","85","5.67","109","7.27","236","15.73","253","16.87",NA,NA,NA,NA,NA,"41","86",".477","240","16.00","218","303","20.20","900","183","129",".413","12.20","2.33","14.53","351","23.40","226","15.07","9","6",".600","19",2018
"153","Lehigh","19","106","5.58","162","8.53","241","12.68","284","14.95",NA,NA,NA,NA,NA,"47","133",".353","387","20.37","233","339","17.84","1159","217","173",".444","11.42",".84","12.26","446","23.47","285","15.00","13","6",".684","23",2018
"154","Johns Hopkins","19","106","5.58","165","8.68","255","13.42","455","23.95",NA,NA,NA,NA,NA,"49","125",".392","373","19.63","233","339","17.84","1140","200","174",".465","10.53","1.74","12.26","442","23.26","289","15.21","10","9",".526","31",2018
"155","Central Mich.","18","100","5.56","120","6.67","220","12.22","268","14.89",NA,NA,NA,NA,NA,"34","82",".415","346","19.22","227","327","18.17","1067","202","161",".444","11.22","1.39","12.61","374","20.78","285","15.83","11","7",".611","20",2018
"156","Robert Morris","18","100","5.56","192","10.67","216","12.00","531","29.50",NA,NA,NA,NA,NA,"39","113",".345","424","23.56","197","297","16.50","1089","170","147",".464","9.44","1.50","10.94","394","21.89","333","18.50","9","9",".500","30",2018
"157","Denver","20","111","5.55","181","9.05","241","12.05","521","26.05",NA,NA,NA,NA,NA,"51","120",".425","344","17.20","238","349","17.45","1199","203","169",".454","10.15","1.75","11.90","420","21.00","330","16.50","13","7",".650","53",2018
"158","Fresno St.","18","99","5.50","164","9.11","223","12.39","414","23.00",NA,NA,NA,NA,NA,"60","115",".522","344","19.11","232","331","18.39","1080","211","185",".467","11.72","1.17","12.89","393","21.83","293","16.28","9","9",".500","35",2018
"159","Marist","17","93","5.47","137","8.06","243","14.29","325","19.12",NA,NA,NA,NA,NA,"60","129",".465","276","16.24","223","316","18.59","960","174","197",".531","10.24","2.88","13.12","373","21.94","312","18.35","10","7",".588","19",2018
"160","Maryland","22","120","5.45","133","6.05","371","16.86","292","13.27",NA,NA,NA,NA,NA,"105","207",".507","316","14.36","356","476","21.64","1320","218","195",".472","9.91","6.27","16.18","589","26.77","272","12.36","20","2",".909","25",2018
"161","Army West Point","17","91","5.35","135","7.94","247","14.53","390","22.94",NA,NA,NA,NA,NA,"45","99",".455","272","16.00","202","293","17.24","1021","184","153",".454","10.82","1.06","11.88","367","21.59","269","15.82","10","7",".588","23",2018
"162","Richmond","20","107","5.35","218","10.90","294","14.70","512","25.60",NA,NA,NA,NA,NA,"86","174",".494","365","18.25","288","395","19.75","1198","188","173",".479","9.40","5.00","14.40","495","24.75","318","15.90","16","4",".800","33",2018
"163","Georgetown","19","100","5.26","150","7.89","246","12.95","429","22.58",NA,NA,NA,NA,NA,"44","128",".344","331","17.42","239","339","17.84","1140","234","181",".436","12.32",".26","12.58","442","23.26","300","15.79","12","7",".632","40",2018
"164","UC Davis","14","73","5.21","118","8.43","187","13.36","175","12.50",NA,NA,NA,NA,NA,"31","89",".348","274","19.57","160","233","16.64","843","163","136",".455","11.64","-.21","11.43","297","21.21","273","19.50","8","6",".571","20",2018
"165","Penn St.","20","103","5.15","171","8.55","292","14.60","362","18.10",NA,NA,NA,NA,NA,"89","194",".459","313","15.65","303","406","20.30","1208","268","189",".414","13.40","1.75","15.15","507","25.35","254","12.70","10","10",".500","23",2018
"166","Davidson","19","97","5.11","151","7.95","233","12.26","364","19.16",NA,NA,NA,NA,NA,"49","116",".422","393","20.68","224","321","16.89","1139","182","215",".542","9.58","2.21","11.79","386","20.32","369","19.42","11","8",".579","22",2018
"167","Princeton","19","97","5.11","145","7.63","262","13.79","375","19.74",NA,NA,NA,NA,NA,"74","156",".474","345","18.16","278","375","19.74","1152","211","191",".475","11.11","3.53","14.63","474","24.95","279","14.68","13","6",".684","31",2018
"168","Wagner","20","102","5.10","234","11.70","248","12.40","421","21.05",NA,NA,NA,NA,NA,"58","159",".365","460","23.00","258","360","18.00","1212","201","177",".468","10.05","2.85","12.90","460","23.00","350","17.50","14","6",".700","31",2018
"169","Towson","21","107","5.10","232","11.05","247","11.76","574","27.33",NA,NA,NA,NA,NA,"93","180",".517","425","20.24","291","398","18.95","1278","197","177",".473","9.38","4.48","13.86","466","22.19","351","16.71","16","5",".762","32",2018
"170","LIU Brooklyn","16","81","5.06","137","8.56","200","12.50","432","27.00",NA,NA,NA,NA,NA,"29","86",".337","298","18.63","169","250","15.63","960","232","155",".401","14.50","-3.94","10.56","315","19.69","289","18.06","3","13",".188","49",2018
"171","Cincinnati","17","86","5.06","187","11.00","227","13.35","352","20.71",NA,NA,NA,NA,NA,"43","123",".350","462","27.18","201","287","16.88","1026","216","171",".442","12.71","-.88","11.82","371","21.82","323","19.00","8","9",".471","27",2018
"172","Notre Dame","19","95","5.00","160","8.42","233","12.26","441","23.21",NA,NA,NA,NA,NA,"46","117",".393","330","17.37","218","313","16.47","1142","208","189",".476","10.95",".53","11.47","388","20.42","287","15.11","10","9",".526","18",2018
"173","Furman","19","95","5.00","114","6.00","224","11.79","296","15.58",NA,NA,NA,NA,NA,"34","109",".312","276","14.53","210","305","16.05","1148","242","172",".415","12.74","-1.68","11.05","366","19.26","263","13.84","8","11",".421","24",2018
"174","UMBC","17","83","4.88","172","10.12","227","13.35","363","21.35",NA,NA,NA,NA,NA,"52","123",".423","350","20.59","213","296","17.41","1020","178","131",".424","10.47","2.06","12.53","391","23.00","275","16.18","11","6",".647","39",2018
"175","Colorado","20","97","4.85","168","8.40","293","14.65","349","17.45",NA,NA,NA,NA,NA,"59","162",".364","420","21.00","280","377","18.85","1203","198","184",".482","9.90","4.10","14.00","500","25.00","285","14.25","14","6",".700","19",2018
"176","UMass Lowell","17","81","4.76","173","10.18","158","9.29","374","22.00",NA,NA,NA,NA,NA,"32","79",".405","324","19.06","153","234","13.76","1022","199","170",".461","11.71","-2.71","9.00","272","16.00","367","21.59","4","13",".235","38",2018
"177","Virginia","20","94","4.70","170","8.50","288","14.40","472","23.60",NA,NA,NA,NA,NA,"67","135",".496","375","18.75","273","367","18.35","1200","238","142",".374","11.90","1.75","13.65","458","22.90","301","15.05","10","10",".500","37",2018
"178","Columbia","16","74","4.63","122","7.63","197","12.31","396","24.75",NA,NA,NA,NA,NA,"31","87",".356","273","17.06","179","253","15.81","960","239","173",".420","14.94","-3.75","11.19","332","20.75","252","15.75","6","10",".375","33",2018
"179","Monmouth","18","83","4.61","148","8.22","214","11.89","415","23.06",NA,NA,NA,NA,NA,"55","130",".423","314","17.44","204","287","15.94","1080","239","169",".414","13.28","-1.94","11.33","391","21.72","284","15.78","8","10",".444","31",2018
"180","Albany (NY)","18","82","4.56","111","6.17","225","12.50","391","21.72",NA,NA,NA,NA,NA,"47","129",".364","311","17.28","216","298","16.56","1080","216","161",".427","12.00",NA,"12.00","359","19.94","267","14.83","9","9",".500","26",2018
"181","Vermont","17","77","4.53","141","8.29","189","11.12","327","19.24",NA,NA,NA,NA,NA,"52","97",".536","251","14.76","178","255","15.00","970","221","168",".432","13.00","-2.53","10.47","309","18.18","291","17.12","6","11",".353","24",2018
"182","Niagara","18","81","4.50","181","10.06","250","13.89","460","25.56",NA,NA,NA,NA,NA,"50","127",".394","343","19.06","214","295","16.39","1080","244","174",".416","13.56","-1.67","11.89","396","22.00","357","19.83","8","10",".444","25",2018
"183","Bryant","18","80","4.44","175","9.72","242","13.44","421","23.39",NA,NA,NA,NA,NA,"71","151",".470","352","19.56","261","341","18.94","1086","161","168",".511","8.94","5.56","14.50","414","23.00","255","14.17","12","6",".667","12",2018
"184","Manhattan","16","71","4.44","134","8.38","175","10.94","295","18.44",NA,NA,NA,NA,NA,"35","80",".438","310","19.38","139","210","13.13","960","184","144",".439","11.50","-2.81","8.69","269","16.81","277","17.31","5","11",".313","19",2018
"185","Old Dominion","18","79","4.39","181","10.06","208","11.56","387","21.50",NA,NA,NA,NA,NA,"27","81",".333","266","14.78","183","262","14.56","1075","251","136",".351","13.94","-3.78","10.17","311","17.28","316","17.56","5","13",".278","35",2018
"186","Quinnipiac","16","68","4.25","183","11.44","141","8.81","363","22.69",NA,NA,NA,NA,NA,"27","88",".307","311","19.44","154","222","13.88","962","173","171",".497","10.81","-1.19","9.63","316","19.75","293","18.31","5","11",".313","15",2018
"187","Drexel","16","68","4.25","120","7.50","196","12.25","307","19.19",NA,NA,NA,NA,NA,"50","122",".410","234","14.63","165","233","14.56","960","236","152",".392","14.75","-4.44","10.31","291","18.19","247","15.44","4","12",".250","21",2018
"188","Colgate","17","72","4.24","133","7.82","215","12.65","318","18.71",NA,NA,NA,NA,NA,"44","107",".411","351","20.65","194","266","15.65","1035","183","175",".489","10.76",".65","11.41","361","21.24","304","17.88","10","7",".588","23",2018
"189","VCU","18","76","4.22","192","10.67","249","13.83","494","27.44",NA,NA,NA,NA,NA,"47","128",".367","300","16.67","207","283","15.72","1085","262","184",".413","14.56","-3.06","11.50","392","21.78","347","19.28","7","11",".389","40",2018
"190","Mt. St. Mary's","17","71","4.18","127","7.47","195","11.47","288","16.94",NA,NA,NA,NA,NA,"47","111",".423","299","17.59","192","263","15.47","1033","147","189",".563","8.65","2.65","11.29","344","20.24","259","15.24","10","7",".588","26",2018
"191","Southern California","18","74","4.11","174","9.67","207","11.50","403","22.39",NA,NA,NA,NA,NA,"62","138",".449","361","20.06","216","290","16.11","1095","160","148",".481","8.89","3.11","12.00","385","21.39","234","13.00","10","8",".556","32",2018
"192","Gardner-Webb","17","69","4.06","144","8.47","212","12.47","340","20.00",NA,NA,NA,NA,NA,"48","106",".453","323","19.00","180","249","14.65","962","278","175",".386","16.35","-5.76","10.59","331","19.47","344","20.24","3","14",".176","24",2018
"193","Temple","17","69","4.06","176","10.35","194","11.41","272","16.00",NA,NA,NA,NA,NA,"45","123",".366","351","20.65","175","244","14.35","1027","197","175",".470","11.59","-1.29","10.29","331","19.47","292","17.18","9","8",".529","15",2018
"194","La Salle","17","69","4.06","173","10.18","218","12.82","447","26.29",NA,NA,NA,NA,NA,"34","92",".370","280","16.47","199","268","15.76","1049","210","170",".447","12.35","-.65","11.71","364","21.41","274","16.12","7","10",".412","48",2018
"195","Arizona St.","18","72","4.00","127","7.06","209","11.61","424","23.56",NA,NA,NA,NA,NA,"45","111",".405","316","17.56","174","246","13.67","1086","259","184",".415","14.39","-4.72","9.67","321","17.83","290","16.11","6","12",".333","31",2018
"196","Delaware","18","72","4.00","191","10.61","194","10.78","345","19.17",NA,NA,NA,NA,NA,"33","97",".340","328","18.22","178","250","13.89","1079","227","181",".444","12.61","-2.72","9.89","336","18.67","314","17.44","8","10",".444","30",2018
"197","Hofstra","17","67","3.94","114","6.71","220","12.94","308","18.12",NA,NA,NA,NA,NA,"51","116",".440","277","16.29","201","268","15.76","1027","187","156",".455","11.00",".82","11.82","379","22.29","254","14.94","8","9",".471","23",2018
"198","Virginia Tech","21","82","3.90","176","8.38","273","13.00","518","24.67",NA,NA,NA,NA,NA,"68","162",".420","373","17.76","262","344","16.38","1268","233","162",".410","11.10","1.38","12.48","454","21.62","319","15.19","14","7",".667","41",2018
"199","Louisville","17","66","3.88","148","8.71","192","11.29","419","24.65",NA,NA,NA,NA,NA,"53","119",".445","318","18.71","207","273","16.06","1019","240","159",".398","14.12","-1.94","12.18","372","21.88","258","15.18","6","11",".353","32",2018
"200","Canisius","20","77","3.85","157","7.85","230","11.50","440","22.00",NA,NA,NA,NA,NA,"49","124",".395","351","17.55","207","284","14.20","1217","240","236",".496","12.00","-1.65","10.35","371","18.55","360","18.00","11","9",".550","17",2018
"201","San Diego St.","19","73","3.84","174","9.16","290","15.26","452","23.79",NA,NA,NA,NA,NA,"73","156",".468","361","19.00","256","329","17.32","1139","218","182",".455","11.47","2.00","13.47","444","23.37","311","16.37","11","8",".579","30",2018
"202","American","17","65","3.82","122","7.18","190","11.18","272","16.00",NA,NA,NA,NA,NA,"36","91",".396","300","17.65","168","233","13.71","1020","254","179",".413","14.94","-5.06","9.88","317","18.65","289","17.00","3","14",".176","22",2018
"203","Sacred Heart","16","61","3.81","140","8.75","159","9.94","265","16.56",NA,NA,NA,NA,NA,"30","73",".411","263","16.44","129","190","11.88","960","226","143",".388","14.13","-6.06","8.06","261","16.31","283","17.69","2","14",".125","30",2018
"204","New Hampshire","17","64","3.76","139","8.18","169","9.94","215","12.65",NA,NA,NA,NA,NA,"40","122",".328","346","20.35","165","229","13.47","1020","193","130",".402","11.35","-1.65","9.71","341","20.06","292","17.18","6","11",".353","44",2018
"205","Duquesne","16","59","3.69","152","9.50","218","13.63","333","20.81",NA,NA,NA,NA,NA,"38","97",".392","286","17.88","187","246","15.38","963","239","148",".382","14.94","-3.25","11.69","327","20.44","288","18.00","4","12",".250","22",2018
"206","Saint Francis (PA)","17","62","3.65","158","9.29","248","14.59","339","19.94",NA,NA,NA,NA,NA,"57","131",".435","381","22.41","194","256","15.06","1022","225","160",".416","13.24","-1.82","11.41","367","21.59","308","18.12","7","10",".412","24",2018
"207","Rutgers","17","61","3.59","139","8.18","195","11.47","318","18.71",NA,NA,NA,NA,NA,"40","102",".392","290","17.06","191","252","14.82","1024","212","161",".432","12.47","-1.24","11.24","360","21.18","241","14.18","7","10",".412","22",2018
"208","Binghamton","17","61","3.59","177","10.41","209","12.29","372","21.88",NA,NA,NA,NA,NA,"46","134",".343","345","20.29","196","257","15.12","1020","188","143",".432","11.06",".47","11.53","357","21.00","302","17.76","8","9",".471","29",2018
"209","Yale","15","53","3.53","123","8.20","230","15.33","273","18.20",NA,NA,NA,NA,NA,"45","101",".446","225","15.00","160","213","14.20","914","184","136",".425","12.27","-1.60","10.67","289","19.27","268","17.87","7","8",".467","15",2018
"210","Radford","17","59","3.47","176","10.35","237","13.94","440","25.88",NA,NA,NA,NA,NA,"54","126",".429","352","20.71","205","264","15.53","1022","240","178",".426","14.12","-2.06","12.06","362","21.29","348","20.47","6","11",".353","25",2018
"211","St. Bonaventure","17","58","3.41","168","9.88","134","7.88","348","20.47",NA,NA,NA,NA,NA,"14","57",".246","283","16.65","105","163","9.59","1019","272","223",".451","16.00","-9.82","6.18","239","14.06","325","19.12",NA,NA,NA,"24",2018
"212","Cornell","15","50","3.33","123","8.20","177","11.80","262","17.47",NA,NA,NA,NA,NA,"52","101",".515","231","15.40","166","216","14.40","916","178","124",".411","11.87","-.80","11.07","313","20.87","216","14.40","7","8",".467","15",2018
"213","California","18","60","3.33","114","6.33","216","12.00","370","20.56",NA,NA,NA,NA,NA,"49","106",".462","281","15.61","177","237","13.17","1085","237","150",".388","13.17","-3.33","9.83","335","18.61","263","14.61","6","12",".333","23",2018
"214","William & Mary","16","53","3.31","160","10.00","183","11.44","433","27.06",NA,NA,NA,NA,NA,"27","91",".297","284","17.75","123","176","11.00","962","213","159",".427","13.31","-5.63","7.69","287","17.94","282","17.63","4","12",".250","23",2018
"215","Butler","17","56","3.29","122","7.18","189","11.12","287","16.88",NA,NA,NA,NA,NA,"33","69",".478","277","16.29","116","172","10.12","1020","301","190",".387","17.71","-10.88","6.82","243","14.29","364","21.41","1","16",".059","23",2018
"216","Siena","17","54","3.18","101","5.94","180","10.59","340","20.00",NA,NA,NA,NA,NA,"45","113",".398","264","15.53","165","219","12.88","1021","242","185",".433","14.24","-4.53","9.71","319","18.76","254","14.94","5","12",".294","21",2018
"217","Wofford","17","53","3.12","115","6.76","182","10.71","287","16.88",NA,NA,NA,NA,NA,"25","71",".352","242","14.24","117","170","10.00","947","312","177",".362","18.35","-11.47","6.88","217","12.76","292","17.18","2","15",".118","14",2018
"218","Central Conn. St.","16","49","3.06","136","8.50","128","8.00","280","17.50",NA,NA,NA,NA,NA,"28","74",".378","293","18.31","116","165","10.31","960","239","163",".405","14.94","-7.69","7.25","233","14.56","298","18.63","2","14",".125","30",2018
"219","Ohio St.","15","45","3.00","105","7.00","184","12.27","305","20.33",NA,NA,NA,NA,NA,"54","109",".495","274","18.27","155","200","13.33","906","190","187",".496","12.67","-2.33","10.33","280","18.67","266","17.73","5","10",".333","40",2018
"220","Lafayette","17","51","3.00","152","8.94","232","13.65","253","14.88",NA,NA,NA,NA,NA,"54","150",".360","322","18.94","189","240","14.12","1024","233","153",".396","13.71","-2.59","11.12","376","22.12","275","16.18","5","12",".294","22",2018
"221","Iona","18","54","3.00","213","11.83","160","8.89","474","26.33",NA,NA,NA,NA,NA,"43","103",".417","380","21.11","167","221","12.28","1085","173","173",".500","9.61","-.33","9.28","351","19.50","314","17.44","8","10",".444","31",2018
"222","Kennesaw St.","18","53","2.94","151","8.39","254","14.11","360","20.00",NA,NA,NA,NA,NA,"83","189",".439","401","22.28","229","282","15.67","1087","246","122",".332","13.67","-.94","12.72","406","22.56","297","16.50","7","11",".389","29",2018
"223","Elon","15","43","2.87","123","8.20","161","10.73","356","23.73",NA,NA,NA,NA,NA,"44","98",".449","228","15.20","135","178","11.87","898","183","91",".332","12.20","-3.20","9.00","290","19.33","227","15.13","4","11",".267","31",2018
"224","Bucknell","16","43","2.69","148","9.25","135","8.44","314","19.63",NA,NA,NA,NA,NA,"25","89",".281","271","16.94","119","162","10.13","970","204","176",".463","12.75","-5.31","7.44","249","15.56","317","19.81","3","13",".188","20",2018
"225","Holy Cross","18","48","2.67","172","9.56","219","12.17","408","22.67",NA,NA,NA,NA,NA,"45","122",".369","376","20.89","160","208","11.56","1084","242","181",".428","13.44","-4.56","8.89","348","19.33","347","19.28","6","12",".333","35",2018
"226","Presbyterian","17","43","2.53","95","5.59","168","9.88","312","18.35",NA,NA,NA,NA,NA,"30","91",".330","261","15.35","111","154","9.06","1019","308","159",".340","18.12","-11.59","6.53","224","13.18","329","19.35","2","15",".118","22",2018
"227","East Carolina","17","42","2.47","105","6.18","195","11.47","298","17.53",NA,NA,NA,NA,NA,"30","82",".366","256","15.06","148","190","11.18","1023","255","164",".391","15.00","-6.29","8.71","294","17.29","292","17.18","2","15",".118","23",2018
"228","Michigan","17","42","2.47","146","8.59","181","10.65","419","24.65",NA,NA,NA,NA,NA,"52","114",".456","272","16.00","168","210","12.35","1024","183","151",".452","10.76","-.88","9.88","322","18.94","265","15.59","7","10",".412","36",2018
"229","Hartford","13","25","1.92","80","6.15","137","10.54","344","26.46",NA,NA,NA,NA,NA,"6","25",".240","198","15.23","53","78","6.00","780","241","115",".323","18.54","-14.46","4.08","124","9.54","301","23.15","1","12",".077","15",2018
"230","Howard","13","10",".77","59","4.54","121","9.31","277","21.31",NA,NA,NA,NA,NA,"25","61",".410","151","11.62","85","95","7.31","774","241","147",".379","18.54","-12.00","6.54","179","13.77","191","14.69","1","12",".077","28",2018
"231","Delaware St.","14","5",".36","46","3.29","122","8.71","107","7.64",NA,NA,NA,NA,NA,"11","48",".229","112","8.00","39","44","3.14","840","284","120",".297","20.29","-17.50","2.79","106","7.57","218","15.57",NA,NA,NA,"14",2018
"232","Richmond","7","73","10.43","59","8.43","130","18.57","124","17.71","110","120",".917","63",".674","26.00","62",".419","129","18.43","129","202","28.86","425","53","45",".459","7.57","10.86","18.43","205","29.29","93","13.29","7","0","1.000","10",2020
"233","North Carolina","7","69","9.86","51","7.29","116","16.57","107","15.29","108","118",".915","90",".563","30.00","52",".577","112","16.00","137","206","29.43","420","58","48",".453","8.29","11.29","19.57","192","27.43","84","12.00","7","0","1.000","7",2020
"234","Arizona St.","8","76","9.50","57","7.13","114","14.25","187","23.38","129","150",".860","146",".438","22.00","40",".550","148","18.50","131","207","25.88","480","116","79",".405","14.50","1.88","16.38","190","23.75","122","15.25","5","3",".625","4",2020
"235","Northwestern","7","65","9.29","63","9.00","150","21.43","149","21.29","91","100",".910","120",".556","32.00","53",".604","126","18.00","151","216","30.86","419","106","65",".380","15.14","6.43","21.57","208","29.71","97","13.86","4","3",".571","13",2020
"236","Loyola Maryland","5","44","8.80","39","7.80","83","16.60","124","24.80","69","86",".802","63",".568","14.00","25",".560","81","16.20","88","132","26.40","300","50","56",".528","10.00","7.60","17.60","135","27.00","57","11.40","5","0","1.000","7",2020
"237","Syracuse","8","67","8.38","77","9.63","121","15.13","199","24.88","134","147",".912","84",".590","21.00","55",".382","148","18.50","137","204","25.50","480","56","45",".446","7.00","10.13","17.13","213","26.63","97","12.13","7","1",".875","11",2020
"238","American","7","57","8.14","72","10.29","140","20.00","114","16.29","101","115",".878","99",".586","19.00","42",".452","132","18.86","136","193","27.57","420","90","61",".404","12.86","6.57","19.43","223","31.86","94","13.43","7","0","1.000","12",2020
"239","UConn","7","56","8.00","69","9.86","105","15.00","80","11.43","109","136",".801","98",".517","18.00","38",".474","118","16.86","117","173","24.71","420","74","71",".490","10.57","6.14","16.71","177","25.29","106","15.14","5","2",".714","11",2020
"240","Virginia Tech","10","79","7.90","116","11.60","144","14.40","185","18.50","161","180",".894","100",".590","24.00","58",".414","201","20.10","148","227","22.70","605","79","83",".512","7.90","6.90","14.80","245","24.50","161","16.10","7","3",".700","22",2020
"241","San Diego St.","6","47","7.83","49","8.17","83","13.83","106","17.67","107","128",".836","82",".503","15.00","48",".313","152","25.33","83","130","21.67","360","72","57",".442","12.00","1.83","13.83","148","24.67","106","17.67","4","2",".667","13",2020
"242","Denver","8","61","7.63","100","12.50","103","12.88","176","22.00","152","174",".874","110",".484","30.00","65",".462","144","18.00","135","196","24.50","480","69","49",".415","8.63","8.25","16.88","222","27.75","120","15.00","7","1",".875","31",2020
"243","Lehigh","8","61","7.63","82","10.25","113","14.13","124","15.50","119","132",".902","103",".523","25.00","49",".510","150","18.75","116","177","22.13","482","84","72",".462","10.50","4.00","14.50","203","25.38","121","15.13","6","2",".750","8",2020
"244","Robert Morris","7","53","7.57","97","13.86","90","12.86","130","18.57","94","120",".783","81",".526","24.00","58",".414","158","22.57","100","153","21.86","418","59","49",".454","8.43","5.86","14.29","169","24.14","119","17.00","5","2",".714","26",2020
"245","Stony Brook","5","37","7.40","24","4.80","77","15.40","96","19.20","81","92",".880","65",".542","15.00","27",".556","73","14.60","78","115","23.00","300","55","41",".427","11.00","4.60","15.60","122","24.40","64","12.80","4","1",".800","6",2020
"246","Massachusetts","5","37","7.40","43","8.60","93","18.60","98","19.60","61","74",".824","66",".585","13.00","22",".591","71","14.20","86","123","24.60","299","79","49",".383","15.80","1.40","17.20","152","30.40","84","16.80","4","1",".800","3",2020
"247","Marquette","10","73","7.30","82","8.20","175","17.50","245","24.50","150","183",".820","120",".593","29.00","84",".345","179","17.90","148","221","22.10","600","129","110",".460","12.90","1.90","14.80","256","25.60","174","17.40","6","4",".600","20",2020
"248","Jacksonville","4","29","7.25","53","13.25","49","12.25","90","22.50","70","80",".875","51",".490","20.00","38",".526","86","21.50","65","94","23.50","240","30","31",".508","7.50","8.75","16.25","96","24.00","75","18.75","3","1",".750","12",2020
"249","Duke","9","65","7.22","111","12.33","170","18.89","209","23.22","132","155",".852","97",".637","30.00","60",".500","173","19.22","159","224","24.89","535","95","69",".421","10.56","7.11","17.67","244","27.11","132","14.67","6","3",".667","19",2020
"250","Mercer","7","50","7.14","78","11.14","94","13.43","135","19.29","95","116",".819","94",".500","20.00","42",".476","158","22.57","98","148","21.14","423","81","70",".464","11.57","2.43","14.00","162","23.14","135","19.29","5","2",".714","18",2020
"251","VCU","7","49","7.00","53","7.57","111","15.86","123","17.57","113","125",".904","89",".555","17.00","45",".378","123","17.57","102","151","21.57","419","86","59",".407","12.29","2.29","14.57","173","24.71","115","16.43","3","4",".429","17",2020
"252","Johns Hopkins","7","49","7.00","76","10.86","75","10.71","152","21.71","120","135",".889","118",".389","14.00","34",".412","127","18.14","93","142","20.29","420","89","55",".382","12.71",".57","13.29","159","22.71","88","12.57","4","3",".571","15",2020
"253","Navy","6","41","6.83","46","7.67","80","13.33","81","13.50","97","113",".858","86",".482","12.00","34",".353","88","14.67","73","114","19.00","360","86","68",".442","14.33","-2.17","12.17","128","21.33","79","13.17","2","4",".333","16",2020
"254","Colorado","5","34","6.80","42","8.40","68","13.60","87","17.40","74","85",".871","58",".540","6.00","24",".250","86","17.20","66","100","20.00","300","51","47",".480","10.20","3.00","13.20","119","23.80","59","11.80","3","2",".600","9",2020
"255","Villanova","8","53","6.63","63","7.88","97","12.13","163","20.38","134","165",".812","117",".453","6.00","29",".207","115","14.38","88","141","17.63","450","112","86",".434","14.00","-3.00","11.00","169","21.13","111","13.88","3","5",".375","18",2020
"256","Princeton","5","33","6.60","43","8.60","72","14.40","106","21.20","80","91",".879","72",".500","26.00","56",".464","90","18.00","75","108","21.60","300","64","51",".443","12.80","2.20","15.00","127","25.40","70","14.00","3","2",".600","9",2020
"257","Albany (NY)","5","33","6.60","39","7.80","68","13.60","111","22.20","67","86",".779","57",".544","6.00","16",".375","74","14.80","65","98","19.60","300","54","49",".476","10.80","2.20","13.00","107","21.40","69","13.80","3","2",".600","6",2020
"258","Notre Dame","7","46","6.57","80","11.43","102","14.57","147","21.00","113","120",".942","74",".580","27.00","53",".509","114","16.29","117","163","23.29","398","51","62",".549","7.29","9.43","16.71","187","26.71","87","12.43","7","0","1.000","9",2020
"259","Vanderbilt","9","59","6.56","88","9.78","126","14.00","130","14.44","141","154",".916","138",".477","25.00","58",".431","155","17.22","119","178","19.78","542","127","76",".374","14.11","-0.89","13.22","209","23.22","114","12.67","4","5",".444","11",2020
"260","Gardner-Webb","9","57","6.33","78","8.67","133","14.78","200","22.22","116","157",".739","113",".541","22.00","47",".468","197","21.89","132","189","21.00","532","107","81",".431","11.89","2.78","14.67","198","22.00","156","17.33","6","3",".667","17",2020
"261","Dartmouth","5","31","6.20","37","7.40","58","11.60","93","18.60","74","88",".841","70",".453","21.00","44",".477","88","17.60","74","105","21.00","301","44","35",".443","8.80","6.00","14.80","119","23.80","62","12.40","5","0","1.000","6",2020
"262","Mount St. Mary's","7","43","6.14","45","6.43","89","12.71","131","18.71","107","135",".793","77",".536","16.00","32",".500","96","13.71","95","138","19.71","424","59","62",".512","8.43","5.14","13.57","145","20.71","101","14.43","6","1",".857","8",2020
"263","Wagner","7","42","6.00","64","9.14","85","12.14","102","14.57","139","157",".885","108",".440","23.00","54",".426","149","21.29","90","132","18.86","420","90","70",".438","12.86",NA,"12.86","179","25.57","108","15.43","3","4",".429","18",2020
"264","Army West Point","7","42","6.00","61","8.71","113","16.14","130","18.57","92","102",".902","54",".677","25.00","54",".463","125","17.86","107","149","21.29","420","51","51",".500","7.29","8.00","15.29","197","28.14","94","13.43","7","0","1.000","15",2020
"265","Georgetown","7","42","6.00","62","8.86","122","17.43","143","20.43","104","119",".874","67",".646","20.00","48",".417","109","15.57","98","140","20.00","423","79","60",".432","11.29","2.71","14.00","191","27.29","100","14.29","4","3",".571","17",2020
"266","Penn","5","30","6.00","48","9.60","72","14.40","123","24.60","89","98",".908","56",".563","15.00","36",".417","77","15.40","69","99","19.80","300","51","52",".505","10.20","3.60","13.80","130","26.00","73","14.60","4","1",".800","7",2020
"267","Fresno St.","8","47","5.88","60","7.50","117","14.63","162","20.25","120","151",".795","126",".481","21.00","69",".304","156","19.50","101","148","18.50","486","128","78",".379","16.00","-3.38","12.63","189","23.63","142","17.75","2","6",".250","8",2020
"268","Central Mich.","5","29","5.80","33","6.60","49","9.80","73","14.60","71","88",".807","85",".366","8.00","22",".364","86","17.20","55","84","16.80","300","71","36",".336","14.20","-3.20","11.00","91","18.20","68","13.60","2","3",".400","10",2020
"269","Stetson","5","29","5.80","27","5.40","77","15.40","88","17.60","71","93",".763","79",".494","11.00","24",".458","93","18.60","62","91","18.20","300","84","50",".373","16.80","-4.40","12.40","95","19.00","92","18.40","1","4",".200","8",2020
"270","Butler","7","40","5.71","54","7.71","91","13.00","124","17.71","84","108",".778","73",".555","13.00","33",".394","107","15.29","97","137","19.57","420","58","51",".468","8.29","5.57","13.86","156","22.29","110","15.71","5","2",".714","13",2020
"271","Davidson","6","34","5.67","55","9.17","71","11.83","137","22.83","86","116",".741","87",".449","8.00","21",".381","102","17.00","69","103","17.17","360","81","45",".357","13.50","-2.00","11.50","118","19.67","100","16.67","2","4",".333","12",2020
"272","Cincinnati","7","39","5.57","52","7.43","99","14.14","132","18.86","102","128",".797","104",".488","15.00","34",".441","111","15.86","88","127","18.14","420","104","45",".302","14.86","-2.29","12.57","151","21.57","108","15.43","3","4",".429","15",2020
"273","Temple","9","50","5.56","81","9.00","124","13.78","119","13.22","136","149",".913","106",".539","22.00","51",".431","185","20.56","113","163","18.11","540","102","64",".386","11.33","1.22","12.56","216","24.00","142","15.78","5","4",".556","14",2020
"274","Furman","7","38","5.43","71","10.14","86","12.29","186","26.57","106","134",".791","93",".480","15.00","29",".517","111","15.86","73","111","15.86","420","95","57",".375","13.57","-3.14","10.43","128","18.29","127","18.14","3","4",".429","13",2020
"275","Florida","8","43","5.38","57","7.13","124","15.50","148","18.50","107","116",".922","89",".582","29.00","59",".492","118","14.75","108","151","18.88","480","89","82",".480","11.13","2.38","13.50","176","22.00","99","12.38","6","2",".750","19",2020
"276","Bryant","6","32","5.33","60","10.00","77","12.83","110","18.33","98","114",".860","60",".562","12.00","33",".364","111","18.50","68","100","16.67","360","57","48",".457","9.50","1.83","11.33","126","21.00","109","18.17","4","2",".667","5",2020
"277","James Madison","6","32","5.33","63","10.50","81","13.50","145","24.17","106","117",".906","52",".609","12.00","26",".462","102","17.00","72","104","17.33","365","50","53",".515","8.33","3.67","12.00","129","21.50","100","16.67","5","1",".833","13",2020
"278","Towson","6","32","5.33","61","10.17","84","14.00","100","16.67","97","112",".866","76",".525","27.00","56",".482","93","15.50","72","104","17.33","360","77","43",".358","12.83","-0.83","12.00","127","21.17","99","16.50","2","4",".333","8",2020
"279","Fairfield","7","37","5.29","70","10.00","66","9.43","123","17.57","126","158",".797","119",".357","22.00","42",".524","135","19.29","84","121","17.29","420","96","81",".458","13.71","-1.71","12.00","125","17.86","132","18.86","2","5",".286","18",2020
"280","Penn St.","7","37","5.29","70","10.00","88","12.57","119","17.00","98","118",".831","101",".466","31.00","57",".544","116","16.57","96","133","19.00","420","84","95",".531","12.00","1.71","13.71","163","23.29","114","16.29","5","2",".714","10",2020
"281","Rutgers","9","47","5.22","71","7.89","103","11.44","147","16.33","153","176",".869","133",".436","23.00","54",".426","167","18.56","115","162","18.00","544","104","87",".455","11.56","1.22","12.78","204","22.67","137","15.22","5","4",".556","11",2020
"282","Boston U.","6","31","5.17","48","8.00","85","14.17","97","16.17","81","101",".802","69",".552","6.00","14",".429","94","15.67","71","102","17.00","360","73","39",".348","12.17","-0.33","11.83","135","22.50","81","13.50","3","3",".500","11",2020
"283","Drexel","7","36","5.14","48","6.86","100","14.29","116","16.57","95","113",".841","81",".552","24.00","41",".585","100","14.29","97","133","19.00","420","70","61",".466","10.00","3.86","13.86","159","22.71","92","13.14","5","2",".714","11",2020
"284","George Mason","7","36","5.14","52","7.43","98","14.00","153","21.86","107","130",".823","88",".527","11.00","22",".500","111","15.86","85","121","17.29","420","87","79",".476","12.43","-0.29","12.14","139","19.86","125","17.86","4","3",".571","19",2020
"285","Monmouth","8","41","5.13","55","6.88","147","18.38","168","21.00","125","147",".850","80",".648","32.00","67",".478","160","20.00","121","162","20.25","480","90","65",".419","11.25","3.88","15.13","222","27.75","126","15.75","6","2",".750","12",2020
"286","Ohio St.","9","46","5.11","70","7.78","130","14.44","174","19.33","132","151",".874","137",".487","31.00","75",".413","155","17.22","121","167","18.56","518","132","102",".436","14.67","-1.22","13.44","213","23.67","143","15.89","5","4",".556","16",2020
"287","Winthrop","7","35","5.00","42","6.00","76","10.86","127","18.14","91","125",".728","113",".402","14.00","35",".400","111","15.86","75","110","15.71","423","102","69",".404","14.57","-3.86","10.71","128","18.29","117","16.71","0","7",".000","9",2020
"288","Maryland","6","30","5.00","47","7.83","85","14.17","105","17.50","94","105",".895","71",".545","18.00","49",".367","117","19.50","76","106","17.67","360","68","62",".477","11.33","1.33","12.67","145","24.17","70","11.67","3","3",".500","10",2020
"289","Longwood","8","40","5.00","58","7.25","94","11.75","142","17.75","109","126",".865","129",".422","21.00","48",".438","126","15.75","102","142","17.75","480","109","87",".444","13.63","-0.88","12.75","170","21.25","111","13.88","3","5",".375","17",2020
"290","Bucknell","8","40","5.00","78","9.75","99","12.38","97","12.13","138","157",".879","112",".469","13.00","31",".419","150","18.75","94","134","16.75","480","101","85",".457","12.63","-0.88","11.75","169","21.13","136","17.00","3","5",".375","15",2020
"291","Coastal Carolina","5","25","5.00","33","6.60","48","9.60","94","18.80","87","104",".837","73",".397","7.00","19",".368","63","12.60","47","72","14.40","300","65","55",".458","13.00","-3.60","9.40","81","16.20","92","18.40","2","3",".400","7",2020
"292","East Carolina","8","39","4.88","81","10.13","100","12.50","151","18.88","133","156",".853","101",".498","28.00","53",".528","134","16.75","104","143","17.88","480","85","63",".426","10.63","2.38","13.00","178","22.25","127","15.88","5","3",".625","11",2020
"293","St. Bonaventure","7","34","4.86","56","8.00","78","11.14","82","11.71","89","114",".781","101",".436","21.00","52",".404","139","19.86","85","119","17.00","419","81","70",".464","11.57",".57","12.14","157","22.43","107","15.29","5","2",".714","11",2020
"294","Colgate","7","34","4.86","39","5.57","97","13.86","64","9.14","121","139",".871","83",".539","13.00","29",".448","97","13.86","73","107","15.29","420","95","85",".472","13.57","-3.14","10.43","128","18.29","130","18.57","3","4",".429","6",2020
"295","Kennesaw St.","7","34","4.86","54","7.71","111","15.86","132","18.86","98","123",".797","94",".541","21.00","46",".457","111","15.86","93","127","18.14","420","100","55",".355","14.29","-1.00","13.29","151","21.57","136","19.43","3","4",".429","13",2020
"296","Stanford","7","34","4.86","48","6.86","128","18.29","151","21.57","113","126",".897","76",".627","12.00","44",".273","170","24.29","104","138","19.71","419","90","51",".362","12.86","2.00","14.86","175","25.00","117","16.71","3","4",".429","16",2020
"297","Michigan","6","29","4.83","48","8.00","86","14.33","136","22.67","82","99",".828","69",".555","24.00","44",".545","100","16.67","85","114","19.00","360","60","47",".439","10.00","4.17","14.17","152","25.33","82","13.67","5","1",".833","15",2020
"298","Delaware","5","24","4.80","46","9.20","60","12.00","90","18.00","98","114",".860","65",".480","12.00","32",".375","99","19.80","59","83","16.60","307","55","51",".481","11.00",".80","11.80","128","25.60","78","15.60","2","3",".400","6",2020
"299","Saint Francis (PA)","7","33","4.71","74","10.57","109","15.57","110","15.71","86","114",".754","89",".551","25.00","58",".431","149","21.29","92","125","17.86","420","92","76",".452","13.14",NA,"13.14","171","24.43","141","20.14","3","4",".429","15",2020
"300","Boston College","7","33","4.71","33","4.71","107","15.29","106","15.14","104","115",".904","79",".575","22.00","53",".415","91","13.00","91","124","17.71","419","82","66",".446","11.71","1.29","13.00","159","22.71","97","13.86","4","3",".571","13",2020
"301","Liberty","6","28","4.67","89","14.83","98","16.33","186","31.00","72","100",".720","75",".566","15.00","40",".375","126","21.00","73","101","16.83","360","89","41",".315","14.83","-2.67","12.17","130","21.67","127","21.17","3","3",".500","18",2020
"302","Louisville","9","42","4.67","106","11.78","118","13.11","243","27.00","143","181",".790","110",".518","23.00","55",".418","178","19.78","112","154","17.11","540","101","98",".492","11.22","1.22","12.44","209","23.22","149","16.56","5","4",".556","19",2020
"303","La Salle","7","32","4.57","58","8.29","87","12.43","96","13.71","96","131",".733","99",".468","17.00","46",".370","130","18.57","89","121","17.29","422","84","61",".421","12.00",".71","12.71","162","23.14","108","15.43","3","4",".429","7",2020
"304","Oregon","7","32","4.57","41","5.86","109","15.57","172","24.57","101","132",".765","103",".514","20.00","44",".455","110","15.71","85","117","16.71","420","115","59",".339","16.43","-4.29","12.14","137","19.57","132","18.86","2","5",".286","14",2020
"305","Harvard","6","27","4.50","59","9.83","74","12.33","101","16.83","96","122",".787","46",".617","14.00","28",".500","115","19.17","65","92","15.33","360","45","43",".489","7.50","3.33","10.83","115","19.17","101","16.83","3","3",".500","13",2020
"306","Marist","6","27","4.50","47","7.83","70","11.67","114","19.00","97","121",".802","87",".446","15.00","37",".405","93","15.50","65","92","15.33","360","82","83",".503","13.67","-2.83","10.83","121","20.17","96","16.00","2","4",".333","14",2020
"307","Duquesne","6","27","4.50","104","17.33","81","13.50","112","18.67","100","113",".885","79",".506","19.00","43",".442","149","24.83","79","106","17.67","360","73","44",".376","12.17","1.00","13.17","164","27.33","110","18.33","3","3",".500","17",2020
"308","Campbell","9","40","4.44","71","7.89","99","11.00","159","17.67","143","162",".883","126",".440","19.00","63",".302","165","18.33","88","128","14.22","540","119","109",".478","13.22","-3.44","9.78","199","22.11","142","15.78","2","7",".222","17",2020
"309","George Washington","7","31","4.43","61","8.71","81","11.57","134","19.14","115","134",".858","126",".391","15.00","39",".385","126","18.00","72","103","14.71","421","120","90",".429","17.14","-6.86","10.29","147","21.00","101","14.43","0","7",".000","17",2020
"310","Siena","7","31","4.43","42","6.00","83","11.86","130","18.57","102","115",".887","95",".466","12.00","32",".375","108","15.43","76","107","15.29","420","91","64",".413","13.00","-2.14","10.86","139","19.86","79","11.29","3","4",".429","11",2020
"311","Vermont","8","35","4.38","78","9.75","103","12.88","201","25.13","136","178",".764","96",".518","20.00","38",".526","140","17.50","94","129","16.13","480","89","75",".457","11.13",".63","11.75","164","20.50","159","19.88","4","4",".500","17",2020
"312","Old Dominion","9","39","4.33","62","6.89","126","14.00","130","14.44","119","151",".788","113",".527","30.00","61",".492","137","15.22","98","137","15.22","540","128","100",".439","14.22","-3.33","10.89","168","18.67","159","17.67","3","6",".333","28",2020
"313","Southern California","6","26","4.33","64","10.67","66","11.00","140","23.33","103","131",".786","78",".458","13.00","29",".448","114","19.00","80","106","17.67","360","52","62",".544","8.67","4.67","13.33","139","23.17","84","14.00","6","0","1.000","9",2020
"314","Canisius","6","26","4.33","41","6.83","54","9.00","131","21.83","100","127",".787","102",".346","18.00","38",".474","101","16.83","61","87","14.50","360","86","63",".423","14.33","-4.17","10.17","110","18.33","114","19.00","1","5",".167","6",2020
"315","UC Davis","6","26","4.33","46","7.67","78","13.00","62","10.33","106","117",".906","85",".479","20.00","50",".400","100","16.67","72","98","16.33","360","80","53",".398","13.33","-1.33","12.00","129","21.50","98","16.33","3","3",".500","7",2020
"316","Cornell","6","26","4.33","45","7.50","90","15.00","81","13.50","101","118",".856","61",".596","16.00","29",".552","87","14.50","77","103","17.17","360","64","49",".434","10.67","2.17","12.83","148","24.67","89","14.83","4","2",".667","8",2020
"317","Sacred Heart","6","25","4.17","71","11.83","58","9.67","111","18.50","109","136",".801","71",".450","15.00","40",".375","120","20.00","55","80","13.33","360","62","56",".475","10.33","-1.17","9.17","101","16.83","123","20.50","1","5",".167","18",2020
"318","California","7","29","4.14","29","4.14","95","13.57","128","18.29","101","114",".886","80",".543","19.00","52",".365","131","18.71","70","99","14.14","420","92","66",".418","13.14","-3.14","10.00","145","20.71","99","14.14","2","5",".286","13",2020
"319","UMass Lowell","7","29","4.14","55","7.86","94","13.43","119","17.00","122","139",".878","88",".516","10.00","33",".303","127","18.14","73","102","14.57","420","97","65",".401","13.86","-3.43","10.43","166","23.71","117","16.71","2","5",".286","16",2020
"320","Yale","6","24","4.00","38","6.33","70","11.67","92","15.33","97","105",".924","79",".470","17.00","31",".548","90","15.00","71","95","15.83","366","67","64",".489","11.17",".67","11.83","154","25.67","58","9.67","4","2",".667","7",2020
"321","Quinnipiac","7","28","4.00","66","9.43","81","11.57","159","22.71","110","144",".764","108",".429","21.00","42",".500","139","19.86","81","109","15.57","420","97","69",".416","13.86","-2.29","11.57","166","23.71","121","17.29","3","4",".429","17",2020
"322","Saint Joseph's","7","28","4.00","67","9.57","85","12.14","129","18.43","125","141",".887","103",".452","13.00","37",".351","109","15.57","86","114","16.29","424","91","69",".431","13.00","-0.71","12.29","144","20.57","113","16.14","4","3",".571","14",2020
"323","Holy Cross","8","31","3.88","63","7.88","96","12.00","115","14.38","138","164",".841","89",".519","21.00","50",".420","151","18.88","103","134","16.75","480","69","86",".555","8.63","4.25","12.88","189","23.63","133","16.63","5","3",".625","7",2020
"324","Brown","7","27","3.86","53","7.57","97","13.86","117","16.71","99","117",".846","78",".554","19.00","34",".559","95","13.57","88","115","16.43","421","73","56",".434","10.43","2.14","12.57","143","20.43","104","14.86","4","3",".571","10",2020
"325","Elon","5","19","3.80","42","8.40","67","13.40","83","16.60","96","108",".889","42",".615","20.00","40",".500","90","18.00","52","71","14.20","303","47","43",".478","9.40","1.00","10.40","94","18.80","93","18.60","3","2",".600","10",2020
"326","Lafayette","7","26","3.71","54","7.71","85","12.14","102","14.57","103","128",".805","71",".545","11.00","31",".355","107","15.29","72","98","14.00","426","68","67",".496","9.71",".57","10.29","131","18.71","109","15.57","4","3",".571","9",2020
"327","Iona","7","26","3.71","56","8.00","67","9.57","156","22.29","115","152",".757","77",".465","13.00","43",".302","131","18.71","62","88","12.57","420","72","76",".514","10.29","-1.43","8.86","127","18.14","150","21.43","3","4",".429","20",2020
"328","LIU","6","22","3.67","42","7.00","80","13.33","125","20.83","82","106",".774","82",".494","14.00","34",".412","88","14.67","60","82","13.67","360","91","74",".448","15.17","-5.17","10.00","106","17.67","105","17.50","1","5",".167","18",2020
"329","Virginia","8","29","3.63","64","8.00","83","10.38","107","13.38","135","148",".912","129",".392","21.00","55",".382","153","19.13","103","132","16.50","486","96","71",".425","12.00",".88","12.88","176","22.00","96","12.00","5","3",".625","12",2020
"330","High Point","5","18","3.60","56","11.20","56","11.20","123","24.60","75","89",".843","78",".418","14.00","30",".467","82","16.40","50","68","13.60","300","77","37",".325","15.40","-5.40","10.00","88","17.60","87","17.40","1","4",".200","12",2020
"331","Kent St.","6","21","3.50","45","7.50","80","13.33","119","19.83","65","92",".707","99",".447","2.00","6",".333","71","11.83","55","76","12.67","360","116","73",".386","19.33","-10.17","9.17","100","16.67","107","17.83","0","6",".000","12",2020
"332","Manhattan","7","22","3.14","65","9.29","59","8.43","114","16.29","130","158",".823","91",".393","13.00","47",".277","129","18.43","60","82","11.71","429","74","56",".431","10.57","-2.00","8.57","123","17.57","125","17.86","3","4",".429","13",2020
"333","Hartford","7","22","3.14","27","3.86","91","13.00","94","13.43","85","146",".582","101",".474","16.00","41",".390","104","14.86","53","75","10.71","420","128","102",".443","18.29","-10.71","7.57","96","13.71","150","21.43","0","7",".000","8",2020
"334","Niagara","7","21","3.00","42","6.00","44","6.29","153","21.86","121","151",".801","121",".267","17.00","42",".405","121","17.29","61","82","11.71","420","91","101",".526","13.00","-4.29","8.71","114","16.29","115","16.43","3","4",".429","9",2020
"335","Wofford","6","18","3.00","36","6.00","72","12.00","92","15.33","71","99",".717","109",".398","8.00","21",".381","84","14.00","55","73","12.17","360","116","53",".314","19.33","-10.17","9.17","108","18.00","87","14.50","0","6",".000","10",2020
"336","UMBC","6","17","2.83","44","7.33","70","11.67","57","9.50","90","109",".826","72",".493","16.00","29",".552","89","14.83","59","76","12.67","360","74","68",".479","12.33","-2.50","9.83","113","18.83","85","14.17","2","4",".333","12",2020
"337","Radford","9","25","2.78","62","6.89","97","10.78","189","21.00","145","184",".788","103",".485","14.00","43",".326","168","18.67","72","97","10.78","539","114","98",".462","12.67","-4.67","8.00","147","16.33","185","20.56","3","6",".333","23",2020
"338","William & Mary","7","19","2.71","68","9.71","88","12.57","186","26.57","116","132",".879","120",".423","18.00","33",".545","141","20.14","73","92","13.14","420","122","77",".387","17.43","-7.00","10.43","140","20.00","128","18.29","2","5",".286","19",2020
"339","Hofstra","7","19","2.71","47","6.71","114","16.29","133","19.00","108","128",".844","75",".603","26.00","56",".464","107","15.29","94","113","16.14","420","85","77",".475","12.14","1.29","13.43","184","26.29","98","14.00","4","3",".571","17",2020
"340","Presbyterian","7","19","2.71","46","6.57","69","9.86","99","14.14","97","124",".782","128",".350","23.00","46",".500","119","17.00","77","96","13.71","420","111","68",".380","15.86","-4.86","11.00","137","19.57","128","18.29","2","5",".286","7",2020
"341","Detroit Mercy","8","19","2.38","53","6.63","95","11.88","180","22.50","94","144",".653","137",".409","16.00","38",".421","111","13.88","60","79","9.88","479","161","78",".326","20.13","-12.63","7.50","123","15.38","148","18.50","1","7",".125","32",2020
"342","Central Conn. St.","6","14","2.33","33","5.50","46","7.67","114","19.00","101","144",".701","86",".348","5.00","18",".278","114","19.00","35","49","8.17","360","87","65",".428","14.50","-8.67","5.83","78","13.00","124","20.67","0","6",".000","12",2020
"343","Binghamton","8","18","2.25","78","9.75","78","9.75","148","18.50","124","146",".849","100",".438","18.00","43",".419","149","18.63","67","85","10.63","483","97","75",".436","12.13","-3.75","8.38","152","19.00","117","14.63","3","5",".375","9",2020
"344","Columbia","7","14","2.00","49","7.00","82","11.71","90","12.86","102","127",".803","93",".469","24.00","48",".500","121","17.29","52","66","9.43","420","111","56",".335","15.86","-8.43","7.43","107","15.29","135","19.29","0","7",".000","10",2020
"345","Howard","5","10","2.00","36","7.20","47","9.40","87","17.40","38","63",".603","72",".395","5.00","13",".385","57","11.40","26","36","7.20","236","92","39",".298","18.40","-13.20","5.20","52","10.40","91","18.20","0","5",".000","18",2020
"346","New Hampshire","5","9","1.80","33","6.60","55","11.00","47","9.40","62","83",".747","70",".440","8.00","26",".308","79","15.80","45","54","10.80","300","72","43",".374","14.40","-5.40","9.00","92","18.40","79","15.80","1","4",".200","16",2020
"347","Akron","7","11","1.57","78","11.14","70","10.00","135","19.29","63","109",".578","96",".422","13.00","35",".371","116","16.57","43","54","7.71","419","111","84",".431","15.86","-9.71","6.14","93","13.29","170","24.29","0","7",".000","23",2020
"348","Delaware St.","6","3",".50","19","3.17","56","9.33","68","11.33","49","82",".598","93",".376","17.00","32",".531","58","9.67","42","45","7.50","356","105","67",".390","17.50","-10.50","7.00","67","11.17","107","17.83","1","5",".167","12",2020
